{"year":"2020","total":{"13":17427.558399999856,"35":1367.2064000000114,"3":55481.663999999255,"21":5671.14239999995,"40":1469.8880000000306,"24":319.9615999999992,"33":12.544000000000004,"25":6.361599999999999},"byNama":{"Gunung Halimun Salak||Hutan Konservasi":{"namobj":"Gunung Halimun Salak","kelas":"Hutan Konservasi","shpAreaHa":32023.56162285156,"classCounts":{"13":2625.4591999999993,"35":0.1792,"3":27700.735999999986,"21":1656.704000000005,"40":183.41119999999958,"24":27.686400000000006}},"Kelompok Hutan Ciladaeun||Hutan Produksi":{"namobj":"Kelompok Hutan Ciladaeun","kelas":"Hutan Produksi","shpAreaHa":3692.7098166992187,"classCounts":{"3":2866.6624000000015,"13":519.7695999999999,"21":250.25279999999933,"40":25.8944,"24":45.51680000000001,"33":0.7168,"25":0.9855999999999999}},"Kelompok Hutan Cimapag||Hutan Produksi":{"namobj":"Kelompok Hutan Cimapag","kelas":"Hutan Produksi","shpAreaHa":1830.6109551757813,"classCounts":{"3":1324.4671999999991,"21":79.83360000000005,"40":14.067200000000012,"13":346.3935999999996}},"Kelompok Hutan Gunung Cihara Ciherang||Hutan Produksi":{"namobj":"Kelompok Hutan Gunung Cihara Ciherang","kelas":"Hutan Produksi","shpAreaHa":3413.2825802734374,"classCounts":{"40":88.88319999999999,"3":1619.4304000000009,"13":1196.6976000000004,"21":446.11839999999967,"24":30.553599999999996,"33":3.135999999999999,"25":0.8959999999999999}},"Kelompok Hutan Gunung Kendeng||Hutan Produksi":{"namobj":"Kelompok Hutan Gunung Kendeng","kelas":"Hutan Produksi","shpAreaHa":11962.234726464843,"classCounts":{"3":7045.42720000001,"13":2578.777599999999,"40":477.3887999999995,"21":618.5984000000016,"24":99.63519999999997,"33":1.5232,"35":1100.0192000000009,"25":3.2255999999999996}},"Kelompok Hutan Gunung Kukulu||Hutan Produksi":{"namobj":"Kelompok Hutan Gunung Kukulu","kelas":"Hutan Produksi","shpAreaHa":412.06382954101565,"classCounts":{"3":184.39680000000007,"13":186.81600000000006,"21":26.790400000000005,"25":0.5376,"40":0.2688,"35":6.3616,"24":3.6736}},"Kelompok Hutan Pasir Manglid||Hutan Produksi":{"namobj":"Kelompok Hutan Pasir Manglid","kelas":"Hutan Produksi","shpAreaHa":7407.324021875,"classCounts":{"3":4391.923200000001,"13":2307.9168000000045,"40":104.47359999999985,"21":506.95679999999976,"24":14.784000000000006,"35":48.20480000000001}},"Kelompok Hutan Pasir Cabe||Hutan Produksi":{"namobj":"Kelompok Hutan Pasir Cabe","kelas":"Hutan Produksi","shpAreaHa":4836.351324609374,"classCounts":{"13":2383.359999999999,"3":2218.585600000004,"21":66.3936,"24":24.01280000000001,"35":43.455999999999996,"33":0.3584,"40":59.135999999999946}},"Kelompok Hutan Sadapulang||Hutan Produksi":{"namobj":"Kelompok Hutan Sadapulang","kelas":"Hutan Produksi","shpAreaHa":1114.166669921875,"classCounts":{"3":462.60479999999944,"13":437.2479999999996,"21":193.17759999999996,"40":11.020800000000001,"24":8.332799999999999}},"Kelompok Hutan Peucangpari||Hutan Produksi":{"namobj":"Kelompok Hutan Peucangpari","kelas":"Hutan Produksi","shpAreaHa":553.7426201660156,"classCounts":{"3":436.7103999999999,"13":66.57279999999999,"40":9.855999999999998,"21":20.787200000000002,"24":8.6016}},"Kelompok Hutan Sadapulang||Hutan Lindung":{"namobj":"Kelompok Hutan Sadapulang","kelas":"Hutan Lindung","shpAreaHa":1092.9618432617187,"classCounts":{"13":624.0640000000003,"21":60.74880000000002,"3":400.2432000000001,"40":4.659199999999999,"24":1.4336}},"Kelompok Hutan Sanggabuana Selatan||Hutan Produksi":{"namobj":"Kelompok Hutan Sanggabuana Selatan","kelas":"Hutan Produksi","shpAreaHa":6627.351407861329,"classCounts":{"21":944.2048000000002,"40":324.26239999999996,"3":3728.972799999996,"13":1619.1616000000013,"24":33.42080000000001}},"Kelompok Hutan Gunung Kendeng||Hutan Lindung":{"namobj":"Kelompok Hutan Gunung Kendeng","kelas":"Hutan Lindung","shpAreaHa":2046.2633765136718,"classCounts":{"35":168.98559999999995,"21":214.68160000000012,"13":922.6112000000002,"3":713.5744000000002,"40":19.174400000000016,"24":0.3584}},"Kelompok Hutan Sanggabuana Utara||Hutan Produksi":{"namobj":"Kelompok Hutan Sanggabuana Utara","kelas":"Hutan Produksi","shpAreaHa":2183.9427651367187,"classCounts":{"3":1210.8544000000013,"13":504.80639999999914,"40":114.06080000000006,"21":355.3536,"33":0.896,"24":1.7024000000000001}},"Kelompok Hutan G. Kembang||Hutan Produksi":{"namobj":"Kelompok Hutan G. Kembang","kelas":"Hutan Produksi","shpAreaHa":1633.865012890625,"classCounts":{"3":581.7728000000003,"13":871.1808000000002,"21":152.05119999999997,"24":3.404799999999999,"40":13.798399999999997,"33":5.913599999999998,"25":0.7168}},"Kelompok Hutan G. Bongkok||Hutan Produksi":{"namobj":"Kelompok Hutan G. Bongkok","kelas":"Hutan Produksi","shpAreaHa":588.9369221191406,"classCounts":{"21":54.02879999999998,"13":91.84000000000002,"3":421.56800000000004,"40":16.038399999999992,"24":0.0896}},"Kelompok Hutan Ciberang I dan II||Hutan Produksi":{"namobj":"Kelompok Hutan Ciberang I dan II","kelas":"Hutan Produksi","shpAreaHa":126.56442978515625,"classCounts":{"13":78.04159999999997,"3":33.152,"24":1.0752,"40":2.1504,"21":5.555199999999999}},"Kelompok Hutan G. Bongkok||Hutan Lindung":{"namobj":"Kelompok Hutan G. Bongkok","kelas":"Hutan Lindung","shpAreaHa":89.58279438476562,"classCounts":{"3":66.57279999999994,"21":9.318400000000002,"24":9.408,"13":5.017599999999999}},"Kelompok Hutan Pasir Cabe||Hutan Lindung":{"namobj":"Kelompok Hutan Pasir Cabe","kelas":"Hutan Lindung","shpAreaHa":152.2542681640625,"classCounts":{"3":74.00959999999999,"13":61.555200000000006,"24":6.272000000000001,"21":8.064,"40":0.3584}},"Kelompok Hutan Halimun-Salak||Hutan Produksi":{"namobj":"Kelompok Hutan Halimun-Salak","kelas":"Hutan Produksi","shpAreaHa":2.818858056640625,"classCounts":{"21":1.5231999999999997,"40":0.9856,"13":0.2688}}},"totalShpAreaHa":81790.58984575195}