{"year":"2024","total":{"13":17239.57759999982,"35":1388.8000000000106,"3":56792.95999999914,"21":4084.595199999925,"40":1829.0048000000395,"24":387.9679999999997,"33":31.091200000000004,"25":1.8816,"30":0.448},"byNama":{"Gunung Halimun Salak||Hutan Konservasi":{"namobj":"Gunung Halimun Salak","kelas":"Hutan Konservasi","shpAreaHa":32023.56162285156,"classCounts":{"13":2591.411200000001,"35":0.1792,"3":27922.675199999987,"21":1404.1216000000054,"40":236.4543999999991,"24":38.70720000000002,"33":0.6272}},"Kelompok Hutan Ciladaeun||Hutan Produksi":{"namobj":"Kelompok Hutan Ciladaeun","kelas":"Hutan Produksi","shpAreaHa":3692.7098166992187,"classCounts":{"3":3108.403200000002,"13":421.9263999999996,"21":100.79999999999991,"40":27.86560000000002,"24":50.80319999999999}},"Kelompok Hutan Cimapag||Hutan Produksi":{"namobj":"Kelompok Hutan Cimapag","kelas":"Hutan Produksi","shpAreaHa":1830.6109551757813,"classCounts":{"3":1409.6767999999993,"13":319.8719999999998,"21":22.848000000000024,"40":12.364800000000008}},"Kelompok Hutan Gunung Cihara Ciherang||Hutan Produksi":{"namobj":"Kelompok Hutan Gunung Cihara Ciherang","kelas":"Hutan Produksi","shpAreaHa":3413.2825802734374,"classCounts":{"40":89.95839999999998,"3":1726.4128000000005,"13":1264.3456000000006,"21":267.72480000000013,"24":35.1232,"33":1.5231999999999994,"25":0.6272}},"Kelompok Hutan Gunung Kendeng||Hutan Produksi":{"namobj":"Kelompok Hutan Gunung Kendeng","kelas":"Hutan Produksi","shpAreaHa":11962.234726464843,"classCounts":{"3":7290.931200000006,"13":2384.9728,"40":572.8128000000004,"24":117.8239999999999,"21":448.17919999999987,"35":1109.8752000000015}},"Kelompok Hutan Gunung Kukulu||Hutan Produksi":{"namobj":"Kelompok Hutan Gunung Kukulu","kelas":"Hutan Produksi","shpAreaHa":412.06382954101565,"classCounts":{"3":191.11680000000018,"13":184.8448,"21":22.041600000000013,"24":4.3904,"40":0.2688,"35":6.1823999999999995}},"Kelompok Hutan Pasir Manglid||Hutan Produksi":{"namobj":"Kelompok Hutan Pasir Manglid","kelas":"Hutan Produksi","shpAreaHa":7407.324021875,"classCounts":{"3":4452.85120000001,"13":2216.7040000000006,"40":138.34240000000003,"21":507.0463999999992,"24":16.844800000000014,"35":41.39520000000001,"30":0.448,"25":0.6272}},"Kelompok Hutan Pasir Cabe||Hutan Produksi":{"namobj":"Kelompok Hutan Pasir Cabe","kelas":"Hutan Produksi","shpAreaHa":4836.351324609374,"classCounts":{"13":2253.5296000000017,"33":23.296000000000003,"21":57.34399999999996,"3":2266.700800000005,"24":41.664000000000016,"35":42.82880000000001,"40":109.9392000000001}},"Kelompok Hutan Sadapulang||Hutan Produksi":{"namobj":"Kelompok Hutan Sadapulang","kelas":"Hutan Produksi","shpAreaHa":1114.166669921875,"classCounts":{"3":401.6767999999997,"13":599.9616000000003,"21":90.94399999999999,"40":11.020800000000001,"24":8.780799999999996}},"Kelompok Hutan Peucangpari||Hutan Produksi":{"namobj":"Kelompok Hutan Peucangpari","kelas":"Hutan Produksi","shpAreaHa":553.7426201660156,"classCounts":{"3":448.53760000000005,"40":10.662400000000002,"13":63.88480000000002,"21":10.662399999999998,"24":8.780800000000001}},"Kelompok Hutan Sadapulang||Hutan Lindung":{"namobj":"Kelompok Hutan Sadapulang","kelas":"Hutan Lindung","shpAreaHa":1092.9618432617187,"classCounts":{"13":702.2848,"3":342.3616,"21":40.767999999999994,"40":4.927999999999999,"24":0.8064}},"Kelompok Hutan Sanggabuana Selatan||Hutan Produksi":{"namobj":"Kelompok Hutan Sanggabuana Selatan","kelas":"Hutan Produksi","shpAreaHa":6627.351407861329,"classCounts":{"40":379.9039999999994,"3":3991.948799999998,"13":1674.3552000000036,"21":564.7487999999996,"24":39.06560000000001}},"Kelompok Hutan Gunung Kendeng||Hutan Lindung":{"namobj":"Kelompok Hutan Gunung Kendeng","kelas":"Hutan Lindung","shpAreaHa":2046.2633765136718,"classCounts":{"35":188.33919999999995,"13":981.2992,"21":92.01919999999994,"3":740.4544000000004,"40":35.75040000000001,"24":1.5231999999999999}},"Kelompok Hutan Sanggabuana Utara||Hutan Produksi":{"namobj":"Kelompok Hutan Sanggabuana Utara","kelas":"Hutan Produksi","shpAreaHa":2183.9427651367187,"classCounts":{"3":1320.3456000000012,"13":398.9887999999994,"40":153.66400000000007,"21":312.2559999999999,"24":2.4192000000000005}},"Kelompok Hutan G. Kembang||Hutan Produksi":{"namobj":"Kelompok Hutan G. Kembang","kelas":"Hutan Produksi","shpAreaHa":1633.865012890625,"classCounts":{"3":571.2895999999998,"13":937.5744000000002,"21":93.54239999999996,"40":16.307200000000005,"24":3.8527999999999993,"33":5.644799999999998,"25":0.6272}},"Kelompok Hutan G. Bongkok||Hutan Produksi":{"namobj":"Kelompok Hutan G. Bongkok","kelas":"Hutan Produksi","shpAreaHa":588.9369221191406,"classCounts":{"21":38.25920000000003,"40":19.35360000000001,"13":95.33439999999996,"3":430.2592000000002,"24":0.3584}},"Kelompok Hutan Ciberang I dan II||Hutan Produksi":{"namobj":"Kelompok Hutan Ciberang I dan II","kelas":"Hutan Produksi","shpAreaHa":126.56442978515625,"classCounts":{"13":81.98399999999998,"3":34.22720000000001,"24":0.7168,"40":2.2399999999999998,"21":0.8064}},"Kelompok Hutan G. Bongkok||Hutan Lindung":{"namobj":"Kelompok Hutan G. Bongkok","kelas":"Hutan Lindung","shpAreaHa":89.58279438476562,"classCounts":{"3":69.08159999999998,"13":7.526399999999998,"24":9.4976,"21":4.2112}},"Kelompok Hutan Pasir Cabe||Hutan Lindung":{"namobj":"Kelompok Hutan Pasir Cabe","kelas":"Hutan Lindung","shpAreaHa":152.2542681640625,"classCounts":{"3":73.83039999999998,"13":58.50880000000001,"24":6.8096,"40":6.1823999999999995,"21":4.927999999999999}},"Kelompok Hutan Halimun-Salak||Hutan Produksi":{"namobj":"Kelompok Hutan Halimun-Salak","kelas":"Hutan Produksi","shpAreaHa":2.818858056640625,"classCounts":{"21":1.3439999999999999,"40":0.9856,"3":0.1792,"13":0.2688}}},"totalShpAreaHa":81790.58984575195}