{"year":"2016","total":{"35":1286.0288000000107,"3":48451.55839999927,"13":20913.177599999843,"21":9059.366399999855,"25":5.375999999999999,"40":1716.1088000000361,"24":317.81119999999925,"33":6.899199999999998},"byNama":{"Gunung Halimun Salak||Hutan Konservasi":{"namobj":"Gunung Halimun Salak","kelas":"Hutan Konservasi","shpAreaHa":32023.56162285156,"classCounts":{"35":0.2688,"3":27233.20319999999,"13":2934.937599999998,"21":1757.5936000000058,"25":0.3584,"24":35.0336,"40":232.78079999999937}},"Kelompok Hutan Ciladaeun||Hutan Produksi":{"namobj":"Kelompok Hutan Ciladaeun","kelas":"Hutan Produksi","shpAreaHa":3692.7098166992187,"classCounts":{"3":2637.644800000001,"21":253.03039999999953,"13":754.6112000000018,"40":21.145600000000005,"24":43.366400000000006}},"Kelompok Hutan Cimapag||Hutan Produksi":{"namobj":"Kelompok Hutan Cimapag","kelas":"Hutan Produksi","shpAreaHa":1830.6109551757813,"classCounts":{"13":873.1520000000002,"3":723.4304000000009,"21":142.10559999999984,"40":24.460800000000017,"25":1.6127999999999996}},"Kelompok Hutan Gunung Cihara Ciherang||Hutan Produksi":{"namobj":"Kelompok Hutan Gunung Cihara Ciherang","kelas":"Hutan Produksi","shpAreaHa":3413.2825802734374,"classCounts":{"40":141.29919999999984,"3":597.2736000000011,"13":1766.3744000000006,"21":844.0320000000007,"24":32.7936,"25":2.5088,"33":1.4335999999999998}},"Kelompok Hutan Gunung Kendeng||Hutan Produksi":{"namobj":"Kelompok Hutan Gunung Kendeng","kelas":"Hutan Produksi","shpAreaHa":11962.234726464843,"classCounts":{"21":1377.3311999999996,"3":5493.465600000006,"40":457.49759999999935,"13":3445.836799999998,"24":88.34559999999998,"35":1062.118400000001}},"Kelompok Hutan Gunung Kukulu||Hutan Produksi":{"namobj":"Kelompok Hutan Gunung Kukulu","kelas":"Hutan Produksi","shpAreaHa":412.06382954101565,"classCounts":{"21":71.59040000000002,"3":111.73119999999994,"13":214.5024000000001,"24":3.584,"25":0.0896,"40":1.0752,"35":6.272}},"Kelompok Hutan Pasir Manglid||Hutan Produksi":{"namobj":"Kelompok Hutan Pasir Manglid","kelas":"Hutan Produksi","shpAreaHa":7407.324021875,"classCounts":{"3":3480.5119999999997,"13":2359.884800000005,"21":1343.3728000000026,"40":140.9408,"24":15.411200000000015,"35":34.1376}},"Kelompok Hutan Pasir Cabe||Hutan Produksi":{"namobj":"Kelompok Hutan Pasir Cabe","kelas":"Hutan Produksi","shpAreaHa":4836.351324609374,"classCounts":{"13":2500.467200000003,"21":436.6207999999995,"3":1693.619200000003,"24":28.31360000000001,"35":41.574400000000004,"40":94.70719999999996}},"Kelompok Hutan Sadapulang||Hutan Produksi":{"namobj":"Kelompok Hutan Sadapulang","kelas":"Hutan Produksi","shpAreaHa":1114.166669921875,"classCounts":{"3":338.06079999999974,"13":539.5711999999997,"21":206.07999999999987,"40":19.891200000000016,"24":8.780800000000001}},"Kelompok Hutan Peucangpari||Hutan Produksi":{"namobj":"Kelompok Hutan Peucangpari","kelas":"Hutan Produksi","shpAreaHa":553.7426201660156,"classCounts":{"3":333.31199999999984,"13":146.22719999999993,"40":12.723200000000002,"21":42.20159999999999,"24":8.064}},"Kelompok Hutan Sadapulang||Hutan Lindung":{"namobj":"Kelompok Hutan Sadapulang","kelas":"Hutan Lindung","shpAreaHa":1092.9618432617187,"classCounts":{"13":711.9616000000003,"21":91.30239999999998,"3":281.34399999999994,"40":4.659199999999998,"24":1.8815999999999995}},"Kelompok Hutan Sanggabuana Selatan||Hutan Produksi":{"namobj":"Kelompok Hutan Sanggabuana Selatan","kelas":"Hutan Produksi","shpAreaHa":6627.351407861329,"classCounts":{"40":362.1632000000001,"3":3081.792000000001,"13":2132.211200000001,"21":1040.614400000002,"24":33.2416}},"Kelompok Hutan Gunung Kendeng||Hutan Lindung":{"namobj":"Kelompok Hutan Gunung Kendeng","kelas":"Hutan Lindung","shpAreaHa":2046.2633765136718,"classCounts":{"35":141.65759999999992,"21":753.8047999999999,"13":789.3759999999996,"3":316.91519999999997,"40":37.094400000000014,"24":0.5376}},"Kelompok Hutan Sanggabuana Utara||Hutan Produksi":{"namobj":"Kelompok Hutan Sanggabuana Utara","kelas":"Hutan Produksi","shpAreaHa":2183.9427651367187,"classCounts":{"3":1032.192000000001,"13":497.54879999999935,"21":525.8624000000002,"40":129.74079999999992,"24":2.3296}},"Kelompok Hutan G. Kembang||Hutan Produksi":{"namobj":"Kelompok Hutan G. Kembang","kelas":"Hutan Produksi","shpAreaHa":1633.865012890625,"classCounts":{"3":559.9999999999999,"13":979.1488000000003,"21":66.03519999999995,"40":16.755200000000002,"33":5.4655999999999985,"24":0.6272,"25":0.8064}},"Kelompok Hutan G. Bongkok||Hutan Produksi":{"namobj":"Kelompok Hutan G. Bongkok","kelas":"Hutan Produksi","shpAreaHa":588.9369221191406,"classCounts":{"21":72.84479999999998,"13":106.6239999999999,"3":390.0287999999997,"40":13.5296,"24":0.5376}},"Kelompok Hutan Ciberang I dan II||Hutan Produksi":{"namobj":"Kelompok Hutan Ciberang I dan II","kelas":"Hutan Produksi","shpAreaHa":126.56442978515625,"classCounts":{"21":10.752000000000004,"13":87.00160000000001,"3":19.891199999999998,"24":0.0896,"40":2.2399999999999998}},"Kelompok Hutan G. Bongkok||Hutan Lindung":{"namobj":"Kelompok Hutan G. Bongkok","kelas":"Hutan Lindung","shpAreaHa":89.58279438476562,"classCounts":{"3":60.032,"21":4.032,"13":17.472000000000012,"24":8.7808}},"Kelompok Hutan Pasir Cabe||Hutan Lindung":{"namobj":"Kelompok Hutan Pasir Cabe","kelas":"Hutan Lindung","shpAreaHa":152.2542681640625,"classCounts":{"3":67.11039999999998,"13":55.99999999999999,"24":6.0928,"21":18.905600000000003,"40":2.1504}},"Kelompok Hutan Halimun-Salak||Hutan Produksi":{"namobj":"Kelompok Hutan Halimun-Salak","kelas":"Hutan Produksi","shpAreaHa":2.818858056640625,"classCounts":{"21":1.2544,"40":1.2543999999999997,"13":0.2688}}},"totalShpAreaHa":81790.58984575195}