{"year":"2018","total":{"35":1302.3360000000123,"3":49048.204799999454,"21":4732.313599999934,"13":24414.835199999885,"40":1909.1968000000431,"24":338.5983999999998,"25":2.8671999999999995,"33":7.9743999999999975},"byNama":{"Gunung Halimun Salak||Hutan Konservasi":{"namobj":"Gunung Halimun Salak","kelas":"Hutan Konservasi","shpAreaHa":32023.56162285156,"classCounts":{"35":0.2688,"3":27249.062399999984,"21":1723.456000000007,"13":2954.291200000001,"24":31.18080000000001,"40":234.9311999999994,"25":0.9856}},"Kelompok Hutan Ciladaeun||Hutan Produksi":{"namobj":"Kelompok Hutan Ciladaeun","kelas":"Hutan Produksi","shpAreaHa":3692.7098166992187,"classCounts":{"3":2680.8319999999994,"13":887.3984000000011,"21":69.35040000000005,"40":26.611200000000014,"24":45.606400000000015}},"Kelompok Hutan Cimapag||Hutan Produksi":{"namobj":"Kelompok Hutan Cimapag","kelas":"Hutan Produksi","shpAreaHa":1830.6109551757813,"classCounts":{"13":960.8703999999998,"21":43.724799999999995,"3":736.7808000000007,"40":23.20640000000002,"24":0.1792}},"Kelompok Hutan Gunung Cihara Ciherang||Hutan Produksi":{"namobj":"Kelompok Hutan Gunung Cihara Ciherang","kelas":"Hutan Produksi","shpAreaHa":3413.2825802734374,"classCounts":{"40":200.16639999999992,"3":614.0288000000013,"13":2108.467200000001,"21":421.6575999999999,"24":39.42400000000001,"33":1.9711999999999994}},"Kelompok Hutan Gunung Kendeng||Hutan Produksi":{"namobj":"Kelompok Hutan Gunung Kendeng","kelas":"Hutan Produksi","shpAreaHa":11962.234726464843,"classCounts":{"3":5566.220799999994,"13":4156.275200000004,"40":623.436800000001,"21":404.2752,"24":102.86079999999991,"35":1071.5264000000013}},"Kelompok Hutan Gunung Kukulu||Hutan Produksi":{"namobj":"Kelompok Hutan Gunung Kukulu","kelas":"Hutan Produksi","shpAreaHa":412.06382954101565,"classCounts":{"3":125.88799999999996,"13":267.6352,"21":5.286399999999999,"24":3.7631999999999994,"35":6.1824,"40":0.0896}},"Kelompok Hutan Pasir Manglid||Hutan Produksi":{"namobj":"Kelompok Hutan Pasir Manglid","kelas":"Hutan Produksi","shpAreaHa":7407.324021875,"classCounts":{"3":3774.4895999999944,"21":314.1375999999997,"13":3081.702400000005,"40":143.4495999999998,"24":14.60480000000001,"35":45.87520000000001}},"Kelompok Hutan Pasir Cabe||Hutan Produksi":{"namobj":"Kelompok Hutan Pasir Cabe","kelas":"Hutan Produksi","shpAreaHa":4836.351324609374,"classCounts":{"13":2814.7839999999997,"3":1752.3968000000036,"24":25.267200000000006,"21":74.99519999999998,"35":42.64960000000001,"40":85.20959999999995}},"Kelompok Hutan Sadapulang||Hutan Produksi":{"namobj":"Kelompok Hutan Sadapulang","kelas":"Hutan Produksi","shpAreaHa":1114.166669921875,"classCounts":{"3":342.80959999999976,"13":459.0207999999998,"21":283.76319999999964,"40":18.27840000000001,"24":8.511999999999999}},"Kelompok Hutan Peucangpari||Hutan Produksi":{"namobj":"Kelompok Hutan Peucangpari","kelas":"Hutan Produksi","shpAreaHa":553.7426201660156,"classCounts":{"3":333.6703999999998,"13":171.13600000000002,"40":14.246400000000003,"21":14.694400000000003,"24":8.7808}},"Kelompok Hutan Sadapulang||Hutan Lindung":{"namobj":"Kelompok Hutan Sadapulang","kelas":"Hutan Lindung","shpAreaHa":1092.9618432617187,"classCounts":{"13":716.5312000000004,"3":297.74080000000004,"21":69.26080000000002,"40":5.734399999999999,"24":1.8816}},"Kelompok Hutan Sanggabuana Selatan||Hutan Produksi":{"namobj":"Kelompok Hutan Sanggabuana Selatan","kelas":"Hutan Produksi","shpAreaHa":6627.351407861329,"classCounts":{"40":303.5647999999997,"3":3136.8959999999984,"13":2506.8287999999975,"21":664.6527999999994,"24":36.55680000000001,"25":1.5231999999999999}},"Kelompok Hutan Gunung Kendeng||Hutan Lindung":{"namobj":"Kelompok Hutan Gunung Kendeng","kelas":"Hutan Lindung","shpAreaHa":2046.2633765136718,"classCounts":{"35":135.8335999999999,"13":1301.7088000000006,"21":194.52160000000006,"3":351.5008000000001,"40":55.3728,"24":0.44799999999999995}},"Kelompok Hutan Sanggabuana Utara||Hutan Produksi":{"namobj":"Kelompok Hutan Sanggabuana Utara","kelas":"Hutan Produksi","shpAreaHa":2183.9427651367187,"classCounts":{"3":1048.3200000000013,"13":736.4224000000013,"40":140.85119999999998,"21":260.288,"24":1.7919999999999998}},"Kelompok Hutan G. Kembang||Hutan Produksi":{"namobj":"Kelompok Hutan G. Kembang","kelas":"Hutan Produksi","shpAreaHa":1633.865012890625,"classCounts":{"3":514.8415999999999,"13":961.8560000000003,"21":129.56159999999986,"40":15.590400000000002,"24":0.6272,"33":6.003199999999998,"25":0.3584}},"Kelompok Hutan G. Bongkok||Hutan Produksi":{"namobj":"Kelompok Hutan G. Bongkok","kelas":"Hutan Produksi","shpAreaHa":588.9369221191406,"classCounts":{"21":35.212800000000016,"13":160.56319999999974,"3":374.2592000000001,"40":13.081599999999996,"24":0.44799999999999995}},"Kelompok Hutan Ciberang I dan II||Hutan Produksi":{"namobj":"Kelompok Hutan Ciberang I dan II","kelas":"Hutan Produksi","shpAreaHa":126.56442978515625,"classCounts":{"13":88.97279999999995,"3":21.68319999999999,"21":6.988799999999999,"24":0.0896,"40":2.2399999999999998}},"Kelompok Hutan G. Bongkok||Hutan Lindung":{"namobj":"Kelompok Hutan G. Bongkok","kelas":"Hutan Lindung","shpAreaHa":89.58279438476562,"classCounts":{"3":58.419199999999975,"21":7.705599999999999,"13":15.232000000000003,"24":8.959999999999999}},"Kelompok Hutan Pasir Cabe||Hutan Lindung":{"namobj":"Kelompok Hutan Pasir Cabe","kelas":"Hutan Lindung","shpAreaHa":152.2542681640625,"classCounts":{"3":68.3648,"13":64.69120000000001,"24":7.6160000000000005,"21":7.436800000000001,"40":2.1504}},"Kelompok Hutan Halimun-Salak||Hutan Produksi":{"namobj":"Kelompok Hutan Halimun-Salak","kelas":"Hutan Produksi","shpAreaHa":2.818858056640625,"classCounts":{"21":1.3439999999999999,"40":0.9856,"13":0.448}}},"totalShpAreaHa":81790.58984575195}