{"year":"2021","total":{"13":17664.81919999989,"35":1399.6416000000106,"3":56083.23839999912,"21":4701.7599999999475,"40":1535.7440000000306,"24":358.6687999999992,"25":3.4047999999999994,"33":9.049600000000003},"byNama":{"Gunung Halimun Salak||Hutan Konservasi":{"namobj":"Gunung Halimun Salak","kelas":"Hutan Konservasi","shpAreaHa":32023.56162285156,"classCounts":{"13":2680.204799999997,"35":0.1792,"3":27728.691200000012,"21":1558.950400000007,"24":34.04800000000003,"40":192.10239999999942}},"Kelompok Hutan Ciladaeun||Hutan Produksi":{"namobj":"Kelompok Hutan Ciladaeun","kelas":"Hutan Produksi","shpAreaHa":3692.7098166992187,"classCounts":{"3":2932.608000000002,"13":536.4351999999999,"21":161.81759999999974,"40":26.61120000000001,"24":51.43039999999998,"25":0.8959999999999999}},"Kelompok Hutan Cimapag||Hutan Produksi":{"namobj":"Kelompok Hutan Cimapag","kelas":"Hutan Produksi","shpAreaHa":1830.6109551757813,"classCounts":{"3":1389.5167999999996,"21":47.398399999999974,"13":315.92959999999977,"40":11.916800000000007}},"Kelompok Hutan Gunung Cihara Ciherang||Hutan Produksi":{"namobj":"Kelompok Hutan Gunung Cihara Ciherang","kelas":"Hutan Produksi","shpAreaHa":3413.2825802734374,"classCounts":{"40":81.35679999999992,"3":1669.2480000000005,"13":1289.7024000000022,"21":308.1344000000001,"24":34.04799999999998,"33":2.329599999999999,"25":0.8959999999999999}},"Kelompok Hutan Gunung Kendeng||Hutan Produksi":{"namobj":"Kelompok Hutan Gunung Kendeng","kelas":"Hutan Produksi","shpAreaHa":11962.234726464843,"classCounts":{"3":7194.5215999999955,"13":2569.369599999997,"40":487.7823999999993,"24":104.83199999999991,"21":463.5007999999995,"35":1104.5888000000016}},"Kelompok Hutan Gunung Kukulu||Hutan Produksi":{"namobj":"Kelompok Hutan Gunung Kukulu","kelas":"Hutan Produksi","shpAreaHa":412.06382954101565,"classCounts":{"3":194.79040000000018,"13":173.1967999999999,"21":30.01600000000001,"24":4.121600000000001,"40":0.3584,"35":6.361599999999999}},"Kelompok Hutan Pasir Manglid||Hutan Produksi":{"namobj":"Kelompok Hutan Pasir Manglid","kelas":"Hutan Produksi","shpAreaHa":7407.324021875,"classCounts":{"3":4399.897600000002,"13":2282.9183999999996,"40":102.68159999999995,"21":515.3791999999997,"24":14.873600000000007,"35":57.43360000000002,"25":1.0752}},"Kelompok Hutan Pasir Cabe||Hutan Produksi":{"namobj":"Kelompok Hutan Pasir Cabe","kelas":"Hutan Produksi","shpAreaHa":4836.351324609374,"classCounts":{"13":2301.734400000002,"3":2285.427200000006,"21":64.24320000000003,"24":32.7936,"35":43.00800000000001,"33":0.2688,"40":67.82719999999993}},"Kelompok Hutan Sadapulang||Hutan Produksi":{"namobj":"Kelompok Hutan Sadapulang","kelas":"Hutan Produksi","shpAreaHa":1114.166669921875,"classCounts":{"3":436.6207999999995,"13":571.7376000000003,"21":83.32799999999999,"40":11.289600000000002,"24":9.408000000000001}},"Kelompok Hutan Peucangpari||Hutan Produksi":{"namobj":"Kelompok Hutan Peucangpari","kelas":"Hutan Produksi","shpAreaHa":553.7426201660156,"classCounts":{"3":445.04319999999984,"40":9.676799999999998,"13":70.6944,"21":8.511999999999999,"24":8.6016}},"Kelompok Hutan Sadapulang||Hutan Lindung":{"namobj":"Kelompok Hutan Sadapulang","kelas":"Hutan Lindung","shpAreaHa":1092.9618432617187,"classCounts":{"13":666.1759999999998,"3":396.92800000000005,"21":21.772800000000018,"40":4.569599999999999,"24":1.7024}},"Kelompok Hutan Sanggabuana Selatan||Hutan Produksi":{"namobj":"Kelompok Hutan Sanggabuana Selatan","kelas":"Hutan Produksi","shpAreaHa":6627.351407861329,"classCounts":{"21":803.0848000000012,"40":363.6863999999998,"3":3866.9567999999967,"13":1577.5872000000008,"24":38.70720000000003}},"Kelompok Hutan Gunung Kendeng||Hutan Lindung":{"namobj":"Kelompok Hutan Gunung Kendeng","kelas":"Hutan Lindung","shpAreaHa":2046.2633765136718,"classCounts":{"35":188.07039999999992,"13":954.5983999999997,"3":700.2240000000002,"21":178.03519999999997,"40":17.920000000000016,"24":0.5376}},"Kelompok Hutan Sanggabuana Utara||Hutan Produksi":{"namobj":"Kelompok Hutan Sanggabuana Utara","kelas":"Hutan Produksi","shpAreaHa":2183.9427651367187,"classCounts":{"3":1257.6256000000014,"13":468.78719999999976,"40":120.87040000000006,"21":338.5087999999999,"24":1.8816000000000002}},"Kelompok Hutan G. Kembang||Hutan Produksi":{"namobj":"Kelompok Hutan G. Kembang","kelas":"Hutan Produksi","shpAreaHa":1633.865012890625,"classCounts":{"3":585.9840000000004,"13":944.1152000000004,"21":72.39679999999998,"24":4.838399999999999,"40":14.515199999999998,"33":6.451199999999998,"25":0.5376}},"Kelompok Hutan G. Bongkok||Hutan Produksi":{"namobj":"Kelompok Hutan G. Bongkok","kelas":"Hutan Produksi","shpAreaHa":588.9369221191406,"classCounts":{"21":27.238400000000027,"40":16.9344,"13":117.0175999999999,"3":422.1952,"24":0.1792}},"Kelompok Hutan Ciberang I dan II||Hutan Produksi":{"namobj":"Kelompok Hutan Ciberang I dan II","kelas":"Hutan Produksi","shpAreaHa":126.56442978515625,"classCounts":{"13":78.22079999999998,"3":36.73600000000001,"24":1.0752,"40":2.1504,"21":1.792}},"Kelompok Hutan G. Bongkok||Hutan Lindung":{"namobj":"Kelompok Hutan G. Bongkok","kelas":"Hutan Lindung","shpAreaHa":89.58279438476562,"classCounts":{"3":66.57279999999996,"21":8.063999999999998,"13":6.092799999999997,"24":9.5872}},"Kelompok Hutan Pasir Cabe||Hutan Lindung":{"namobj":"Kelompok Hutan Pasir Cabe","kelas":"Hutan Lindung","shpAreaHa":152.2542681640625,"classCounts":{"3":73.65119999999999,"13":60.032000000000025,"24":6.0032000000000005,"40":2.5087999999999995,"21":8.064}},"Kelompok Hutan Halimun-Salak||Hutan Produksi":{"namobj":"Kelompok Hutan Halimun-Salak","kelas":"Hutan Produksi","shpAreaHa":2.818858056640625,"classCounts":{"21":1.5231999999999997,"40":0.9856,"13":0.2688}}},"totalShpAreaHa":81790.58984575195}