{"year":"2015","total":{"35":1270.8864000000103,"3":47195.45599999931,"13":26505.02399999993,"21":5190.259199999943,"25":2.5984,"40":1313.7152000000247,"24":265.93279999999885,"33":12.454400000000009},"byNama":{"Gunung Halimun Salak||Hutan Konservasi":{"namobj":"Gunung Halimun Salak","kelas":"Hutan Konservasi","shpAreaHa":32023.56162285156,"classCounts":{"35":0.2688,"3":27182.131199999996,"13":3201.4080000000004,"21":1599.6288000000077,"25":0.3584,"40":191.56479999999976,"24":18.81600000000001}},"Kelompok Hutan Ciladaeun||Hutan Produksi":{"namobj":"Kelompok Hutan Ciladaeun","kelas":"Hutan Produksi","shpAreaHa":3692.7098166992187,"classCounts":{"3":2519.731199999998,"13":1081.1136000000015,"21":64.51200000000003,"40":13.619200000000006,"24":30.822400000000005}},"Kelompok Hutan Cimapag||Hutan Produksi":{"namobj":"Kelompok Hutan Cimapag","kelas":"Hutan Produksi","shpAreaHa":1830.6109551757813,"classCounts":{"13":1045.7216,"3":665.8176000000011,"40":13.977600000000006,"21":39.244800000000026}},"Kelompok Hutan Gunung Cihara Ciherang||Hutan Produksi":{"namobj":"Kelompok Hutan Gunung Cihara Ciherang","kelas":"Hutan Produksi","shpAreaHa":3413.2825802734374,"classCounts":{"40":101.1584,"3":511.7952000000001,"13":2296.985599999999,"21":441.4592,"24":29.030400000000018,"33":3.5839999999999983,"25":1.7024}},"Kelompok Hutan Gunung Kendeng||Hutan Produksi":{"namobj":"Kelompok Hutan Gunung Kendeng","kelas":"Hutan Produksi","shpAreaHa":11962.234726464843,"classCounts":{"13":4512.166399999995,"21":730.2400000000007,"3":5239.449599999995,"24":81.1776,"40":301.8624,"35":1056.204800000002,"33":3.4943999999999997}},"Kelompok Hutan Gunung Kukulu||Hutan Produksi":{"namobj":"Kelompok Hutan Gunung Kukulu","kelas":"Hutan Produksi","shpAreaHa":412.06382954101565,"classCounts":{"21":57.88159999999996,"3":86.46400000000001,"13":254.19520000000009,"24":3.136,"40":0.7167999999999999,"35":6.451200000000001}},"Kelompok Hutan Pasir Manglid||Hutan Produksi":{"namobj":"Kelompok Hutan Pasir Manglid","kelas":"Hutan Produksi","shpAreaHa":7407.324021875,"classCounts":{"3":3235.724800000003,"13":3340.736000000001,"40":105.99680000000005,"21":648.166400000002,"24":12.723200000000007,"35":30.912000000000017}},"Kelompok Hutan Pasir Cabe||Hutan Produksi":{"namobj":"Kelompok Hutan Pasir Cabe","kelas":"Hutan Produksi","shpAreaHa":4836.351324609374,"classCounts":{"13":2858.0608000000025,"3":1601.9584000000034,"21":183.5007999999996,"24":26.521600000000003,"35":40.2304,"40":85.03039999999996}},"Kelompok Hutan Sadapulang||Hutan Produksi":{"namobj":"Kelompok Hutan Sadapulang","kelas":"Hutan Produksi","shpAreaHa":1114.166669921875,"classCounts":{"3":320.6783999999996,"13":675.1360000000004,"21":99.09759999999996,"40":8.422399999999996,"24":9.049599999999996}},"Kelompok Hutan Peucangpari||Hutan Produksi":{"namobj":"Kelompok Hutan Peucangpari","kelas":"Hutan Produksi","shpAreaHa":553.7426201660156,"classCounts":{"3":309.6575999999998,"13":204.82559999999987,"21":12.723200000000002,"40":9.228799999999998,"24":6.0927999999999995}},"Kelompok Hutan Sadapulang||Hutan Lindung":{"namobj":"Kelompok Hutan Sadapulang","kelas":"Hutan Lindung","shpAreaHa":1092.9618432617187,"classCounts":{"13":806.3104000000003,"3":254.82240000000004,"21":24.192000000000014,"40":3.942399999999999,"24":1.8815999999999995}},"Kelompok Hutan Sanggabuana Selatan||Hutan Produksi":{"namobj":"Kelompok Hutan Sanggabuana Selatan","kelas":"Hutan Produksi","shpAreaHa":6627.351407861329,"classCounts":{"21":544.4095999999993,"40":319.33439999999985,"13":2776.7936000000036,"3":2978.752000000003,"24":30.7328}},"Kelompok Hutan Gunung Kendeng||Hutan Lindung":{"namobj":"Kelompok Hutan Gunung Kendeng","kelas":"Hutan Lindung","shpAreaHa":2046.2633765136718,"classCounts":{"35":136.81919999999994,"21":464.21759999999995,"13":1153.8688,"3":263.1552000000001,"40":20.69760000000002,"24":0.6272}},"Kelompok Hutan Sanggabuana Utara||Hutan Produksi":{"namobj":"Kelompok Hutan Sanggabuana Utara","kelas":"Hutan Produksi","shpAreaHa":2183.9427651367187,"classCounts":{"3":952.3584000000027,"13":923.8656000000005,"21":201.15199999999984,"40":107.52000000000001,"24":2.7776}},"Kelompok Hutan G. Kembang||Hutan Produksi":{"namobj":"Kelompok Hutan G. Kembang","kelas":"Hutan Produksi","shpAreaHa":1633.865012890625,"classCounts":{"13":1027.8015999999998,"21":41.03680000000002,"3":539.0335999999998,"40":14.425600000000003,"33":5.375999999999999,"24":0.6272,"25":0.5376}},"Kelompok Hutan G. Bongkok||Hutan Produksi":{"namobj":"Kelompok Hutan G. Bongkok","kelas":"Hutan Produksi","shpAreaHa":588.9369221191406,"classCounts":{"21":21.50400000000001,"13":159.30879999999988,"3":393.4336,"40":9.2288,"24":0.0896}},"Kelompok Hutan Ciberang I dan II||Hutan Produksi":{"namobj":"Kelompok Hutan Ciberang I dan II","kelas":"Hutan Produksi","shpAreaHa":126.56442978515625,"classCounts":{"13":96.58879999999998,"3":15.232000000000003,"21":5.913600000000001,"40":2.2399999999999998}},"Kelompok Hutan G. Bongkok||Hutan Lindung":{"namobj":"Kelompok Hutan G. Bongkok","kelas":"Hutan Lindung","shpAreaHa":89.58279438476562,"classCounts":{"3":59.40480000000001,"13":21.41440000000001,"24":6.719999999999999,"21":2.7775999999999996}},"Kelompok Hutan Pasir Cabe||Hutan Lindung":{"namobj":"Kelompok Hutan Pasir Cabe","kelas":"Hutan Lindung","shpAreaHa":152.2542681640625,"classCounts":{"3":65.85599999999998,"13":68.27520000000001,"24":5.1072,"21":7.347199999999998,"40":3.6735999999999995}},"Kelompok Hutan Halimun-Salak||Hutan Produksi":{"namobj":"Kelompok Hutan Halimun-Salak","kelas":"Hutan Produksi","shpAreaHa":2.818858056640625,"classCounts":{"13":0.448,"21":1.2544,"40":1.0752}}},"totalShpAreaHa":81790.58984575195}