{"year":"2017","total":{"35":1293.1968000000115,"3":49354.36799999925,"13":22939.212799999743,"21":5875.430399999947,"40":1945.5744000000448,"24":330.7135999999995,"25":9.9456,"33":7.884799999999998},"byNama":{"Gunung Halimun Salak||Hutan Konservasi":{"namobj":"Gunung Halimun Salak","kelas":"Hutan Konservasi","shpAreaHa":32023.56162285156,"classCounts":{"35":0.2688,"3":27204.441599999995,"13":2888.4352000000054,"21":1801.4976000000086,"24":35.66079999999999,"40":263.8719999999999}},"Kelompok Hutan Ciladaeun||Hutan Produksi":{"namobj":"Kelompok Hutan Ciladaeun","kelas":"Hutan Produksi","shpAreaHa":3692.7098166992187,"classCounts":{"3":2796.2367999999983,"13":700.2240000000006,"21":146.40639999999985,"40":20.249599999999997,"24":46.6816}},"Kelompok Hutan Cimapag||Hutan Produksi":{"namobj":"Kelompok Hutan Cimapag","kelas":"Hutan Produksi","shpAreaHa":1830.6109551757813,"classCounts":{"13":918.2208000000002,"21":78.66879999999996,"3":741.2608000000008,"40":24.998400000000025,"24":0.8064,"25":0.8064}},"Kelompok Hutan Gunung Cihara Ciherang||Hutan Produksi":{"namobj":"Kelompok Hutan Gunung Cihara Ciherang","kelas":"Hutan Produksi","shpAreaHa":3413.2825802734374,"classCounts":{"40":217.1007999999997,"3":610.7136000000011,"13":1971.5583999999992,"21":550.2336000000001,"24":34.22719999999998,"25":0.0896,"33":1.7919999999999996}},"Kelompok Hutan Gunung Kendeng||Hutan Produksi":{"namobj":"Kelompok Hutan Gunung Kendeng","kelas":"Hutan Produksi","shpAreaHa":11962.234726464843,"classCounts":{"3":5616.665599999999,"13":3944.729600000001,"40":586.6112000000006,"21":612.6848000000008,"24":97.12639999999993,"35":1058.2656000000013,"25":8.511999999999999}},"Kelompok Hutan Gunung Kukulu||Hutan Produksi":{"namobj":"Kelompok Hutan Gunung Kukulu","kelas":"Hutan Produksi","shpAreaHa":412.06382954101565,"classCounts":{"3":127.76959999999997,"13":266.02239999999995,"24":3.3152,"21":4.569599999999999,"40":0.9855999999999999,"35":6.1824}},"Kelompok Hutan Pasir Manglid||Hutan Produksi":{"namobj":"Kelompok Hutan Pasir Manglid","kelas":"Hutan Produksi","shpAreaHa":7407.324021875,"classCounts":{"3":3822.2463999999973,"13":2963.6992000000037,"40":143.18079999999986,"21":388.8639999999994,"24":14.336000000000007,"35":41.93280000000002}},"Kelompok Hutan Pasir Cabe||Hutan Produksi":{"namobj":"Kelompok Hutan Pasir Cabe","kelas":"Hutan Produksi","shpAreaHa":4836.351324609374,"classCounts":{"13":2777.241600000004,"3":1758.668800000004,"21":89.06240000000001,"24":23.923200000000005,"35":42.56000000000001,"40":103.84640000000006}},"Kelompok Hutan Sadapulang||Hutan Produksi":{"namobj":"Kelompok Hutan Sadapulang","kelas":"Hutan Produksi","shpAreaHa":1114.166669921875,"classCounts":{"3":371.9295999999997,"13":481.7791999999997,"21":234.57279999999972,"40":15.680000000000005,"24":8.4224}},"Kelompok Hutan Peucangpari||Hutan Produksi":{"namobj":"Kelompok Hutan Peucangpari","kelas":"Hutan Produksi","shpAreaHa":553.7426201660156,"classCounts":{"3":337.5231999999998,"13":164.77439999999999,"40":14.246400000000001,"21":17.65120000000001,"24":8.3328}},"Kelompok Hutan Sadapulang||Hutan Lindung":{"namobj":"Kelompok Hutan Sadapulang","kelas":"Hutan Lindung","shpAreaHa":1092.9618432617187,"classCounts":{"13":689.2928000000002,"3":317.9008,"21":76.16000000000003,"40":5.375999999999999,"24":2.4191999999999996}},"Kelompok Hutan Sanggabuana Selatan||Hutan Produksi":{"namobj":"Kelompok Hutan Sanggabuana Selatan","kelas":"Hutan Produksi","shpAreaHa":6627.351407861329,"classCounts":{"40":327.7567999999998,"21":991.3344000000022,"3":3145.497600000004,"13":2150.8479999999995,"24":34.58560000000001}},"Kelompok Hutan Gunung Kendeng||Hutan Lindung":{"namobj":"Kelompok Hutan Gunung Kendeng","kelas":"Hutan Lindung","shpAreaHa":2046.2633765136718,"classCounts":{"35":143.98720000000003,"13":1235.1360000000009,"21":250.70080000000007,"3":353.65120000000013,"40":55.46239999999999,"24":0.44799999999999995}},"Kelompok Hutan Sanggabuana Utara||Hutan Produksi":{"namobj":"Kelompok Hutan Sanggabuana Utara","kelas":"Hutan Produksi","shpAreaHa":2183.9427651367187,"classCounts":{"3":1064.2687999999996,"13":584.0128000000011,"21":407.94879999999955,"40":129.6512,"24":1.792}},"Kelompok Hutan G. Kembang||Hutan Produksi":{"namobj":"Kelompok Hutan G. Kembang","kelas":"Hutan Produksi","shpAreaHa":1633.865012890625,"classCounts":{"13":956.0320000000007,"21":98.38079999999987,"3":550.4127999999998,"40":16.934400000000004,"33":6.092799999999998,"24":0.448,"25":0.5376}},"Kelompok Hutan G. Bongkok||Hutan Produksi":{"namobj":"Kelompok Hutan G. Bongkok","kelas":"Hutan Produksi","shpAreaHa":588.9369221191406,"classCounts":{"21":90.94399999999987,"40":14.156799999999997,"13":97.93279999999997,"3":379.3663999999999,"24":1.1648}},"Kelompok Hutan Ciberang I dan II||Hutan Produksi":{"namobj":"Kelompok Hutan Ciberang I dan II","kelas":"Hutan Produksi","shpAreaHa":126.56442978515625,"classCounts":{"13":84.13439999999999,"3":25.983999999999998,"21":7.436799999999999,"24":0.1792,"40":2.2399999999999998}},"Kelompok Hutan G. Bongkok||Hutan Lindung":{"namobj":"Kelompok Hutan G. Bongkok","kelas":"Hutan Lindung","shpAreaHa":89.58279438476562,"classCounts":{"3":61.555199999999985,"21":9.139200000000004,"13":9.408000000000001,"24":10.2144}},"Kelompok Hutan Pasir Cabe||Hutan Lindung":{"namobj":"Kelompok Hutan Pasir Cabe","kelas":"Hutan Lindung","shpAreaHa":152.2542681640625,"classCounts":{"3":68.27519999999998,"13":55.46240000000001,"24":6.630400000000001,"21":17.7408,"40":2.1504}},"Kelompok Hutan Halimun-Salak||Hutan Produksi":{"namobj":"Kelompok Hutan Halimun-Salak","kelas":"Hutan Produksi","shpAreaHa":2.818858056640625,"classCounts":{"21":1.4335999999999998,"40":1.0752,"13":0.2688}}},"totalShpAreaHa":81790.58984575195}