{"year":"2019","total":{"13":23982.425599999842,"35":1306.547200000013,"3":50553.66399999933,"21":4029.401599999944,"40":1552.9472000000342,"24":315.0335999999993,"33":13.440000000000007,"25":2.8672},"byNama":{"Gunung Halimun Salak||Hutan Konservasi":{"namobj":"Gunung Halimun Salak","kelas":"Hutan Konservasi","shpAreaHa":32023.56162285156,"classCounts":{"13":3049.7151999999974,"35":0.1792,"3":27399.052800000005,"21":1524.6336000000074,"24":25.35680000000002,"40":195.2383999999995}},"Kelompok Hutan Ciladaeun||Hutan Produksi":{"namobj":"Kelompok Hutan Ciladaeun","kelas":"Hutan Produksi","shpAreaHa":3692.7098166992187,"classCounts":{"3":2911.820799999998,"13":660.5312000000016,"21":71.32159999999999,"40":23.4752,"24":42.649600000000014}},"Kelompok Hutan Cimapag||Hutan Produksi":{"namobj":"Kelompok Hutan Cimapag","kelas":"Hutan Produksi","shpAreaHa":1830.6109551757813,"classCounts":{"13":965.7983999999999,"21":34.58560000000002,"3":748.6976000000005,"40":15.680000000000017}},"Kelompok Hutan Gunung Cihara Ciherang||Hutan Produksi":{"namobj":"Kelompok Hutan Gunung Cihara Ciherang","kelas":"Hutan Produksi","shpAreaHa":3413.2825802734374,"classCounts":{"40":89.15199999999993,"3":630.2464000000012,"13":2315.5327999999995,"21":313.6000000000002,"24":34.675200000000004,"33":2.5087999999999986}},"Kelompok Hutan Gunung Kendeng||Hutan Produksi":{"namobj":"Kelompok Hutan Gunung Kendeng","kelas":"Hutan Produksi","shpAreaHa":11962.234726464843,"classCounts":{"3":6008.934399999992,"13":3907.2768000000015,"40":535.0912000000001,"21":291.19999999999976,"24":104.11519999999996,"35":1077.7984000000013,"33":0.1792}},"Kelompok Hutan Gunung Kukulu||Hutan Produksi":{"namobj":"Kelompok Hutan Gunung Kukulu","kelas":"Hutan Produksi","shpAreaHa":412.06382954101565,"classCounts":{"3":136.10239999999996,"13":258.944,"21":3.5839999999999996,"40":0.5376,"35":6.272,"24":3.4048}},"Kelompok Hutan Pasir Manglid||Hutan Produksi":{"namobj":"Kelompok Hutan Pasir Manglid","kelas":"Hutan Produksi","shpAreaHa":7407.324021875,"classCounts":{"3":3969.459199999996,"21":244.51839999999982,"13":2971.673600000003,"40":122.57279999999986,"24":17.11360000000002,"25":1.7024,"33":0.6272,"35":46.59200000000001}},"Kelompok Hutan Pasir Cabe||Hutan Produksi":{"namobj":"Kelompok Hutan Pasir Cabe","kelas":"Hutan Produksi","shpAreaHa":4836.351324609374,"classCounts":{"13":2648.9343999999996,"3":1978.0992000000015,"24":19.801600000000008,"21":36.108800000000016,"35":42.7392,"33":0.5376,"40":69.08159999999998}},"Kelompok Hutan Sadapulang||Hutan Produksi":{"namobj":"Kelompok Hutan Sadapulang","kelas":"Hutan Produksi","shpAreaHa":1114.166669921875,"classCounts":{"3":348.63359999999966,"13":463.59039999999976,"21":276.86399999999963,"40":15.232000000000015,"24":8.063999999999998}},"Kelompok Hutan Peucangpari||Hutan Produksi":{"namobj":"Kelompok Hutan Peucangpari","kelas":"Hutan Produksi","shpAreaHa":553.7426201660156,"classCounts":{"3":346.30399999999986,"13":166.38719999999998,"40":11.0208,"21":10.304000000000002,"24":8.511999999999999}},"Kelompok Hutan Sadapulang||Hutan Lindung":{"namobj":"Kelompok Hutan Sadapulang","kelas":"Hutan Lindung","shpAreaHa":1092.9618432617187,"classCounts":{"13":703.9872000000001,"21":85.74719999999994,"3":295.1424,"40":5.3759999999999994,"24":0.8959999999999999}},"Kelompok Hutan Sanggabuana Selatan||Hutan Produksi":{"namobj":"Kelompok Hutan Sanggabuana Selatan","kelas":"Hutan Produksi","shpAreaHa":6627.351407861329,"classCounts":{"40":294.6047999999997,"13":2444.5568,"3":3238.412800000008,"21":640.8191999999991,"24":31.628800000000002}},"Kelompok Hutan Gunung Kendeng||Hutan Lindung":{"namobj":"Kelompok Hutan Gunung Kendeng","kelas":"Hutan Lindung","shpAreaHa":2046.2633765136718,"classCounts":{"35":132.96639999999994,"13":1394.6239999999998,"21":108.23679999999996,"3":376.2304,"40":26.073600000000013,"24":1.2544}},"Kelompok Hutan Sanggabuana Utara||Hutan Produksi":{"namobj":"Kelompok Hutan Sanggabuana Utara","kelas":"Hutan Produksi","shpAreaHa":2183.9427651367187,"classCounts":{"3":1101.8112000000012,"13":741.081600000001,"40":120.78080000000004,"21":222.20799999999988,"24":1.7919999999999998}},"Kelompok Hutan G. Kembang||Hutan Produksi":{"namobj":"Kelompok Hutan G. Kembang","kelas":"Hutan Produksi","shpAreaHa":1633.865012890625,"classCounts":{"3":482.2272,"13":999.2192000000003,"21":126.4255999999999,"40":13.529599999999999,"24":0.8064,"33":5.4655999999999985,"25":1.1648}},"Kelompok Hutan G. Bongkok||Hutan Produksi":{"namobj":"Kelompok Hutan G. Bongkok","kelas":"Hutan Produksi","shpAreaHa":588.9369221191406,"classCounts":{"21":26.432000000000016,"13":124.99199999999998,"3":417.0880000000002,"40":10.8416,"33":4.121599999999998,"24":0.0896}},"Kelompok Hutan Ciberang I dan II||Hutan Produksi":{"namobj":"Kelompok Hutan Ciberang I dan II","kelas":"Hutan Produksi","shpAreaHa":126.56442978515625,"classCounts":{"13":85.03039999999994,"3":30.374400000000005,"21":2.2399999999999998,"24":0.1792,"40":2.1504}},"Kelompok Hutan G. Bongkok||Hutan Lindung":{"namobj":"Kelompok Hutan G. Bongkok","kelas":"Hutan Lindung","shpAreaHa":89.58279438476562,"classCounts":{"3":66.39359999999996,"21":4.838399999999998,"13":9.945600000000002,"24":9.139199999999999}},"Kelompok Hutan Pasir Cabe||Hutan Lindung":{"namobj":"Kelompok Hutan Pasir Cabe","kelas":"Hutan Lindung","shpAreaHa":152.2542681640625,"classCounts":{"3":68.6336,"13":70.15680000000002,"24":5.555199999999999,"21":4.3904,"40":1.5231999999999999}},"Kelompok Hutan Halimun-Salak||Hutan Produksi":{"namobj":"Kelompok Hutan Halimun-Salak","kelas":"Hutan Produksi","shpAreaHa":2.818858056640625,"classCounts":{"21":1.3439999999999999,"40":0.9856,"13":0.448}}},"totalShpAreaHa":81790.58984575195}