{"year":"2022","total":{"13":17145.587199999834,"35":1386.6496000000102,"3":56564.300799999175,"21":4571.033599999954,"40":1672.4736000000346,"24":393.8815999999998,"33":15.500800000000009,"25":6.451199999999997,"30":0.448},"byNama":{"Gunung Halimun Salak||Hutan Konservasi":{"namobj":"Gunung Halimun Salak","kelas":"Hutan Konservasi","shpAreaHa":32023.56162285156,"classCounts":{"13":2614.4383999999986,"35":0.1792,"3":27894.6304,"21":1438.7968000000035,"40":206.25919999999942,"24":39.87200000000002}},"Kelompok Hutan Ciladaeun||Hutan Produksi":{"namobj":"Kelompok Hutan Ciladaeun","kelas":"Hutan Produksi","shpAreaHa":3692.7098166992187,"classCounts":{"3":3085.5552,"13":449.1647999999994,"21":90.67519999999998,"40":33.68960000000002,"24":50.71359999999998}},"Kelompok Hutan Cimapag||Hutan Produksi":{"namobj":"Kelompok Hutan Cimapag","kelas":"Hutan Produksi","shpAreaHa":1830.6109551757813,"classCounts":{"3":1404.3903999999993,"21":40.4992,"40":10.752000000000004,"13":309.11999999999995}},"Kelompok Hutan Gunung Cihara Ciherang||Hutan Produksi":{"namobj":"Kelompok Hutan Gunung Cihara Ciherang","kelas":"Hutan Produksi","shpAreaHa":3413.2825802734374,"classCounts":{"40":75.08479999999996,"3":1684.8384000000005,"13":1348.3904000000005,"21":236.00639999999962,"24":37.90079999999999,"33":1.7919999999999994,"25":1.7024}},"Kelompok Hutan Gunung Kendeng||Hutan Produksi":{"namobj":"Kelompok Hutan Gunung Kendeng","kelas":"Hutan Produksi","shpAreaHa":11962.234726464843,"classCounts":{"3":7321.1264,"13":2350.387199999998,"40":516.1856000000002,"24":118.80959999999989,"21":512.9599999999996,"35":1104.6784000000014,"33":0.44799999999999995}},"Kelompok Hutan Gunung Kukulu||Hutan Produksi":{"namobj":"Kelompok Hutan Gunung Kukulu","kelas":"Hutan Produksi","shpAreaHa":412.06382954101565,"classCounts":{"3":199.18080000000018,"13":164.50560000000004,"21":34.406400000000026,"24":4.3008,"40":0.2688,"35":6.1823999999999995}},"Kelompok Hutan Pasir Manglid||Hutan Produksi":{"namobj":"Kelompok Hutan Pasir Manglid","kelas":"Hutan Produksi","shpAreaHa":7407.324021875,"classCounts":{"3":4347.571199999998,"13":2156.582400000004,"40":118.00319999999991,"21":687.590400000001,"24":17.472000000000016,"25":3.3151999999999995,"35":41.574400000000004,"33":1.7023999999999997,"30":0.448}},"Kelompok Hutan Pasir Cabe||Hutan Produksi":{"namobj":"Kelompok Hutan Pasir Cabe","kelas":"Hutan Produksi","shpAreaHa":4836.351324609374,"classCounts":{"13":2204.2495999999996,"21":98.73920000000003,"40":91.66080000000002,"3":2311.948800000006,"24":43.097600000000014,"35":42.91840000000001,"33":2.0608,"25":0.6272}},"Kelompok Hutan Sadapulang||Hutan Produksi":{"namobj":"Kelompok Hutan Sadapulang","kelas":"Hutan Produksi","shpAreaHa":1114.166669921875,"classCounts":{"3":384.8319999999996,"13":650.1376000000002,"21":54.92479999999997,"40":13.708800000000004,"24":8.780799999999996}},"Kelompok Hutan Peucangpari||Hutan Produksi":{"namobj":"Kelompok Hutan Peucangpari","kelas":"Hutan Produksi","shpAreaHa":553.7426201660156,"classCounts":{"3":440.9216,"40":10.483200000000002,"13":77.6832,"21":4.569599999999999,"24":8.8704}},"Kelompok Hutan Sadapulang||Hutan Lindung":{"namobj":"Kelompok Hutan Sadapulang","kelas":"Hutan Lindung","shpAreaHa":1092.9618432617187,"classCounts":{"13":731.4943999999999,"3":337.9711999999999,"21":15.500800000000009,"40":5.3759999999999994,"24":0.8064}},"Kelompok Hutan Sanggabuana Selatan||Hutan Produksi":{"namobj":"Kelompok Hutan Sanggabuana Selatan","kelas":"Hutan Produksi","shpAreaHa":6627.351407861329,"classCounts":{"21":657.3056000000003,"40":385.5487999999996,"3":3964.7104,"13":1603.5712000000021,"24":38.886400000000016}},"Kelompok Hutan Gunung Kendeng||Hutan Lindung":{"namobj":"Kelompok Hutan Gunung Kendeng","kelas":"Hutan Lindung","shpAreaHa":2046.2633765136718,"classCounts":{"35":191.1167999999999,"13":944.7424000000002,"3":698.8800000000002,"21":184.1279999999999,"40":18.81600000000001,"24":1.7024}},"Kelompok Hutan Sanggabuana Utara||Hutan Produksi":{"namobj":"Kelompok Hutan Sanggabuana Utara","kelas":"Hutan Produksi","shpAreaHa":2183.9427651367187,"classCounts":{"3":1273.9328000000005,"13":386.3551999999995,"40":143.4496,"21":378.0223999999996,"24":2.5088000000000004,"33":3.4047999999999994}},"Kelompok Hutan G. Kembang||Hutan Produksi":{"namobj":"Kelompok Hutan G. Kembang","kelas":"Hutan Produksi","shpAreaHa":1633.865012890625,"classCounts":{"3":591.9872000000003,"13":908.9024000000004,"21":102.95039999999993,"40":16.396800000000006,"24":1.7023999999999997,"33":6.092799999999999,"25":0.8064}},"Kelompok Hutan G. Bongkok||Hutan Produksi":{"namobj":"Kelompok Hutan G. Bongkok","kelas":"Hutan Produksi","shpAreaHa":588.9369221191406,"classCounts":{"21":12.902400000000013,"40":19.622400000000003,"13":109.58079999999984,"3":441.10080000000045,"24":0.3584}},"Kelompok Hutan Ciberang I dan II||Hutan Produksi":{"namobj":"Kelompok Hutan Ciberang I dan II","kelas":"Hutan Produksi","shpAreaHa":126.56442978515625,"classCounts":{"13":71.67999999999998,"3":40.5888,"24":1.0752,"40":2.1504,"21":4.479999999999998}},"Kelompok Hutan G. Bongkok||Hutan Lindung":{"namobj":"Kelompok Hutan G. Bongkok","kelas":"Hutan Lindung","shpAreaHa":89.58279438476562,"classCounts":{"3":65.94559999999997,"21":8.691200000000004,"13":6.182399999999998,"24":9.4976}},"Kelompok Hutan Pasir Cabe||Hutan Lindung":{"namobj":"Kelompok Hutan Pasir Cabe","kelas":"Hutan Lindung","shpAreaHa":152.2542681640625,"classCounts":{"3":74.0992,"13":58.06080000000001,"24":7.5264,"40":3.9423999999999992,"21":6.630399999999998}},"Kelompok Hutan Halimun-Salak||Hutan Produksi":{"namobj":"Kelompok Hutan Halimun-Salak","kelas":"Hutan Produksi","shpAreaHa":2.818858056640625,"classCounts":{"21":1.2544,"40":1.0752,"3":0.0896,"13":0.3584}}},"totalShpAreaHa":81790.58984575195}