{"year":"2023","total":{"13":17882.99519999983,"35":1385.1264000000108,"3":56528.81919999913,"21":3489.1135999999547,"40":1754.0992000000347,"25":315.3023999999993,"24":386.7135999999996,"33":13.61920000000001,"30":0.5376},"byNama":{"Gunung Halimun Salak||Hutan Konservasi":{"namobj":"Gunung Halimun Salak","kelas":"Hutan Konservasi","shpAreaHa":32023.56162285156,"classCounts":{"13":2693.196800000002,"35":0.1792,"3":27941.670399999985,"21":1306.9056000000057,"40":212.53119999999925,"24":39.06560000000001,"33":0.6272}},"Kelompok Hutan Ciladaeun||Hutan Produksi":{"namobj":"Kelompok Hutan Ciladaeun","kelas":"Hutan Produksi","shpAreaHa":3692.7098166992187,"classCounts":{"3":3066.8288000000002,"13":480.3455999999996,"21":72.93439999999998,"40":30.822400000000005,"25":7.615999999999996,"24":51.25119999999999}},"Kelompok Hutan Cimapag||Hutan Produksi":{"namobj":"Kelompok Hutan Cimapag","kelas":"Hutan Produksi","shpAreaHa":1830.6109551757813,"classCounts":{"3":1407.0783999999992,"13":329.5487999999998,"21":9.945599999999999,"40":12.185600000000008,"25":6.003199999999997}},"Kelompok Hutan Gunung Cihara Ciherang||Hutan Produksi":{"namobj":"Kelompok Hutan Gunung Cihara Ciherang","kelas":"Hutan Produksi","shpAreaHa":3413.2825802734374,"classCounts":{"40":84.67200000000004,"3":1728.563200000001,"13":1337.8176000000003,"21":172.30079999999964,"24":34.6752,"25":25.715200000000006,"33":1.9711999999999992}},"Kelompok Hutan Gunung Kendeng||Hutan Produksi":{"namobj":"Kelompok Hutan Gunung Kendeng","kelas":"Hutan Produksi","shpAreaHa":11962.234726464843,"classCounts":{"3":7242.995200000001,"13":2565.0688,"40":558.0288000000004,"24":118.45119999999989,"21":285.5552,"35":1108.6208000000013,"25":45.875200000000014}},"Kelompok Hutan Gunung Kukulu||Hutan Produksi":{"namobj":"Kelompok Hutan Gunung Kukulu","kelas":"Hutan Produksi","shpAreaHa":412.06382954101565,"classCounts":{"3":188.33920000000018,"13":195.32800000000003,"21":13.619200000000003,"25":0.6272,"24":4.4799999999999995,"40":0.2688,"35":6.1823999999999995}},"Kelompok Hutan Pasir Manglid||Hutan Produksi":{"namobj":"Kelompok Hutan Pasir Manglid","kelas":"Hutan Produksi","shpAreaHa":7407.324021875,"classCounts":{"3":4321.228799999999,"13":2332.8256000000015,"40":124.7231999999999,"25":62.00320000000002,"21":469.5039999999998,"24":16.934400000000014,"35":41.574400000000004,"30":0.5376,"33":4.927999999999999}},"Kelompok Hutan Pasir Cabe||Hutan Produksi":{"namobj":"Kelompok Hutan Pasir Cabe","kelas":"Hutan Produksi","shpAreaHa":4836.351324609374,"classCounts":{"13":2273.9584000000004,"25":31.62880000000001,"3":2280.320000000006,"21":33.241600000000005,"24":41.574400000000026,"35":42.82880000000001,"40":91.48159999999999,"33":0.2688}},"Kelompok Hutan Sadapulang||Hutan Produksi":{"namobj":"Kelompok Hutan Sadapulang","kelas":"Hutan Produksi","shpAreaHa":1114.166669921875,"classCounts":{"3":377.3055999999996,"13":614.7456000000003,"21":60.121599999999965,"40":11.4688,"25":39.96160000000001,"24":8.780799999999997}},"Kelompok Hutan Peucangpari||Hutan Produksi":{"namobj":"Kelompok Hutan Peucangpari","kelas":"Hutan Produksi","shpAreaHa":553.7426201660156,"classCounts":{"3":450.4192000000001,"40":10.5728,"13":62.00320000000003,"21":0.9856,"25":10.0352,"24":8.512}},"Kelompok Hutan Sadapulang||Hutan Lindung":{"namobj":"Kelompok Hutan Sadapulang","kelas":"Hutan Lindung","shpAreaHa":1092.9618432617187,"classCounts":{"13":718.2336000000001,"3":319.15519999999987,"21":17.83040000000001,"25":30.19520000000001,"40":4.927999999999999,"24":0.8064}},"Kelompok Hutan Sanggabuana Selatan||Hutan Produksi":{"namobj":"Kelompok Hutan Sanggabuana Selatan","kelas":"Hutan Produksi","shpAreaHa":6627.351407861329,"classCounts":{"40":380.7999999999995,"3":3983.526399999997,"13":1704.5504000000017,"21":532.2239999999999,"25":9.9456,"24":38.97600000000002}},"Kelompok Hutan Gunung Kendeng||Hutan Lindung":{"namobj":"Kelompok Hutan Gunung Kendeng","kelas":"Hutan Lindung","shpAreaHa":2046.2633765136718,"classCounts":{"35":185.74079999999992,"13":986.0480000000003,"3":744.9344000000001,"21":57.164799999999964,"40":31.71840000000001,"25":32.614399999999996,"24":1.1648}},"Kelompok Hutan Sanggabuana Utara||Hutan Produksi":{"namobj":"Kelompok Hutan Sanggabuana Utara","kelas":"Hutan Produksi","shpAreaHa":2183.9427651367187,"classCounts":{"3":1293.1968000000008,"13":428.55679999999916,"40":157.248,"25":6.003199999999996,"21":300.1600000000001,"24":2.5088000000000004}},"Kelompok Hutan G. Kembang||Hutan Produksi":{"namobj":"Kelompok Hutan G. Kembang","kelas":"Hutan Produksi","shpAreaHa":1633.865012890625,"classCounts":{"3":561.7919999999999,"13":908.2752000000008,"21":131.53279999999998,"40":15.9488,"25":3.4047999999999994,"24":2.0608,"33":5.823999999999998}},"Kelompok Hutan G. Bongkok||Hutan Produksi":{"namobj":"Kelompok Hutan G. Bongkok","kelas":"Hutan Produksi","shpAreaHa":588.9369221191406,"classCounts":{"21":12.006400000000003,"40":19.353600000000004,"13":109.22239999999991,"3":441.0112000000002,"25":1.6127999999999998,"24":0.3584}},"Kelompok Hutan Ciberang I dan II||Hutan Produksi":{"namobj":"Kelompok Hutan Ciberang I dan II","kelas":"Hutan Produksi","shpAreaHa":126.56442978515625,"classCounts":{"13":76.6976,"3":37.4528,"24":0.7168,"40":2.2399999999999998,"21":1.0752,"25":1.7919999999999994}},"Kelompok Hutan G. Bongkok||Hutan Lindung":{"namobj":"Kelompok Hutan G. Bongkok","kelas":"Hutan Lindung","shpAreaHa":89.58279438476562,"classCounts":{"3":68.81279999999998,"13":6.719999999999998,"21":4.838399999999999,"24":9.9456}},"Kelompok Hutan Pasir Cabe||Hutan Lindung":{"namobj":"Kelompok Hutan Pasir Cabe","kelas":"Hutan Lindung","shpAreaHa":152.2542681640625,"classCounts":{"3":74.0992,"13":59.494400000000006,"24":6.4512,"40":4.121599999999999,"21":5.823999999999999,"25":0.2688}},"Kelompok Hutan Halimun-Salak||Hutan Produksi":{"namobj":"Kelompok Hutan Halimun-Salak","kelas":"Hutan Produksi","shpAreaHa":2.818858056640625,"classCounts":{"21":1.3439999999999999,"40":0.9856,"3":0.0896,"13":0.3584}}},"totalShpAreaHa":81790.58984575195}